{"cameraMode":{"drawMode":0,"name":"Shaded","section":"Shading Mode"},"sceneLighting":true,"audioPlay":false,"sceneViewState":{"m_AlwaysRefresh":false,"showFog":true,"showSkybox":true,"showFlares":true,"showImageEffects":true,"showParticleSystems":true,"showVisualEffectGraphs":true,"m_FxEnabled":true},"in2DMode":false,"pivot":{"x":11.300776481628418,"y":2.8079605102539064,"z":11.95793628692627},"rotation":{"x":0.3166987895965576,"y":0.036979854106903079,"z":-0.012357886880636216,"w":0.9477269053459168},"size":25.544410705566408,"orthographic":false}